<?xml version="1.0" encoding="UTF-8"?>
<persons>
    <person>
        <firstName>Jack</firstName>
        <lastName>Miller</lastName>
    </person>
	<person>
        <firstName>Joe</firstName>
        <lastName>Bing</lastName>
    </person>
	<person>
        <firstName>John</firstName>
        <lastName>Swan</lastName>
    </person>
	<person>
        <firstName>Nick</firstName>
        <lastName>Miller</lastName>
    </person>
	<person>
        <firstName>Bradd</firstName>
        <lastName>Pitt</lastName>
    </person>
	<person>
        <firstName>Noah</firstName>
        <lastName>Geller</lastName>
    </person>
</persons>